C,LB,gap_vs_LB,range,variance,utilization,balance_index,total_time,stations
267.0,267,0.0,1.0,0.2222222222222222,0.9987515605493134,0.9987515605493134,1600.0,6
