C,LB,gap_vs_LB,range,variance,utilization,balance_index,total_time,stations
7.0,5,2.0,7.0,6.916666666666667,0.6428571428571429,0.6428571428571428,27.0,6
