t,best,bound
0.009509253,27.0,0.0
0.010985306,27.0,5.0
0.017305386,7.0,7.0
