t,best,bound
0.062946200,1600.0,0.0
0.085630700,1600.0,534.0
0.127156100,535.0,534.0
0.142997900,534.0,534.0
