t,best,bound
0.009784669,1600.0,0.0
0.015074865,1600.0,160.0
0.060553459,182.0,160.0
0.069821549,173.0,160.0
0.076550484,171.0,160.0
0.078152373,166.0,160.0
0.128995323,163.0,160.0
0.155230177,162.0,160.0
0.181704644,161.0,160.0
2.325101888,160.0,160.0
2.365223865,160.0,160.0
