C,LB,gap_vs_LB,range,variance,utilization,balance_index,total_time,stations
3224.0,3219,5.0,23.0,37.6275,0.9981854838709677,0.9981854838709677,64363.0,20
